{
  "config.actions.cur-window": "Open in the current window, icon clicks will open in a new window.",
  "config.actions.description": "What action should be taken when clicking on a workspace in the sidebar?",
  "config.actions.new-window": "Open in a new window, icon clicks will open in the current window.",
  "config.cleanLabels.description": "Cleanup workspace file names by turning underscores/hyphens into spaces and formatting to Title Case. Uncheck to leave workspace file names as is.",
  "config.condenseFileTree.markdownDescription": "Condense the file tree to reduce visual noise from folders. [See the documentation for more information](https://github.com/sketchbuch/vsc-workspace-sidebar/blob/master/docs/Configuration.md#condense-folders).",
  "config.depth.description": "What depth of subfolders should also be looked in. Range: 0-25",
  "config.excludeHiddenFolders.description": "Exclude hidden subfolders when searching for workspaces. This can speed up searching.",
  "config.focusExplorer.description": "Switch to Explorer view after opening a workspace in a new window",
  "config.folder.deprecationMessage": "Multiple root folders are now supported. Please use 'workspaceSidebar.rootFolders' instead. This option will be removed in a future version.",
  "config.folder.description": "The folder to look in for workspace files - leave blank to default to your home folder.",
  "config.folders.excluded.markdownDescription": "Subfolders to exclude when looking for workspaces. Example: ```['folder', 'subfolder', '.hidden_folder']```",
  "config.rootFolders.markdownDescription": "The folders to look in for workspace files.\n\nExample: ```[\n{ \"path\": \"/home/user/dev\", \"excludeHiddenFolders\": false},\n{ \"path\": \"/home/user/projects\", \"depth\": 2}\n]```\n\nExample (Windows): ```[\n{ \"path\": \"C:\\Users\\User\\Apps\", \"excludeHiddenFolders\": false},\n{ \"path\": \"Z:\\VM Dev\\vsc\", \"depth\": 2}\n]```\n\n- **path** *string* (required): The absolute path to the folder, there is no variable replacement, but '~/' can be used instead of '/home/user' on Mac and Linux.\n\n- **depth** *int* (optional): Overrides and functions like `#workspaceSidebar.depth#`.\n\n- **excludeHiddenFolders** *boolean* (optional): Overrides and functions like `#workspaceSidebar.excludeHiddenFolders#`.\n\n[See the documentation for more information](https://github.com/sketchbuch/vsc-workspace-sidebar/blob/master/docs/Configuration.md#root-folders).",
  "config.search.caseInsensitive.description": "Case insensitive search",
  "config.search.matchStart.description": "Search from the beginning of workspace name",
  "config.showFileIcons.markdownDescription": "*EXPERIMENTAL FEATURE*. Show file icons next to workspaces, matching is mostly automatic, but can be configured. [See the documentation for more information](https://github.com/sketchbuch/vsc-workspace-sidebar/blob/master/docs/File%20Icon%20Themes.md).",
  "config.showFileIconsConfig.markdownDescription": "*EXPERIMENTAL FEATURE*. Custom matching config for icons. [See the documentation for more information](https://github.com/sketchbuch/vsc-workspace-sidebar/blob/master/docs/Configuration.md#show-file-icons-config).\n\nExample: ```{ \"react\": [\"rjs\"], \"ts\": [\"vsc\", \"vscode\", \"electron\", \"todo\"], \"typescript\": [\"ts\", \"vsc\", \"vscode\"], \"yaml\": [\"ansible\"], \"yml\": [\"ansible\"] }```",
  "config.showFolderHierarchy.description": "Show file tree instead of a flat list.",
  "config.showPaths.always": "Always show paths",
  "config.showPaths.asneeded": "Show paths when a workspace has the same label as another",
  "config.showPaths.description": "Display paths to the workspace files in the sidebar. Either: 'Always', 'Never', or 'As needed' (only shows paths for workspaces with the same label).",
  "config.showPaths.never": "Never show paths",
  "config.title.folders": "Folders",
  "config.title.search": "Search",
  "config.title.treeview": "Tree View",
  "config.title": "Workspace Sidebar",
  "ext.cmd.wsList.collapse-all": "Collapse folders",
  "ext.cmd.wsList.expand-all": "Expand folders",
  "ext.cmd.wsList.refetch": "Recollect all Workspaces",
  "ext.cmd.wsListItem.checkSettings": "Check the extension settings",
  "ext.cmd.wsListItem.open.curWindow": "Open in this window",
  "ext.cmd.wsListItem.open.newWindow": "Open in a new window",
  "views.title": "Workspaces",
  "viewsContainers.activitybar.title": "Workspaces",
  "errors": {
    "viewNotFound": "Workspace Sidebar: WebviewView not found"
  },
  "workspace": {
    "error": {
      "default": {
        "title": "An unknown error occured."
      },
      "fetch": {
        "title": "An error occured whilst collecting workspace files."
      }
    },
    "inValid": {
      "default": {
        "title": "Something went wrong whilst collecting workspaces."
      },
      "isFile": {
        "description": "Check that the {{settingsLink}} are actually folders ",
        "title": "All of the root folders are files."
      },
      "nonexistent": {
        "description": "Check the paths to the {{settingsLink}}.",
        "title": "None of the root folders exist."
      },
      "noRootFolders": {
        "description": "Specify one or more {{settingsLink}} in which to look for workspaces.",
        "title": "No root folders specified."
      },
      "noWorkspaces": {
        "descriptionDepth": "The current search depth is 0 for all root folders, this means that no subfolders are searched in for workspace files.",
        "descriptionSettings": "Try increasing the {{settingsLinkDepth}} or change the {{settingsLinkRootFolder}} settings.",
        "title": "Folders contain no workspaces"
      }
    },
    "links": {
      "checkSettings": "Check extension settings",
      "depth": "depth",
      "excludeFolders": "specific folders",
      "excludeHiddenFolders": "hidden folders",
      "rootFolder": "root folder",
      "rootFolders": "root folders"
    },
    "list": {
      "default": {
        "title": "Something went wrong whilst collecting workspaces."
      },
      "extWs": {
        "saveButton": "Add to Root Folders"
      },
      "fileicons": {
        "loadingMsg": "Loading file theme data"
      },
      "folder": {
        "open-plural": "Current open folders:",
        "open": "Current open folder:",
        "saveButton": "Save as new Workspace"
      },
      "isFile": {
        "description": "Check that the {{settingsLink}} is actually a folder.",
        "title": "The folder is a file not a directory."
      },
      "itemButtons": {
        "newWindow": {
          "openCurWin": "Open '{{label}}' in this window",
          "openNewWin": "Open '{{label}}' in a new window",
          "selected": "Current workspace",
          "selectedExt": "Current workspace (not within root folders)"
        },
        "openFilemanager": {
          "ariaLabel": "Open folder containing '{{label}}' in your file manager",
          "tooltip": "Open folder containing '{{label}}' in your file manager"
        },
        "refetchRootfolder": {
          "ariaLabel": "Recollect workspaces for '{{label}}'",
          "tooltip": "Recollect workspaces for '{{label}}'"
        }
      },
      "mapError": {
        "description": "Unable to map the folder path '{{folderPath}}' to a config root folder.",
        "title": "Root folder mapping error"
      },
      "nonexistent": {
        "description": "Check the path to the {{settingsLink}}.",
        "title": "The folder does not exist."
      },
      "noWorkspaces": {
        "descriptionDepth": "The current search depth is 0, this means that no subfolders are searched in for workspace files.",
        "descriptionSettings": "Try increasing the {{settingsLinkDepth}} or change the {{settingsLinkRootFolder}} settings.",
        "title": "No workspace files found."
      },
      "search": {
        "ariaLabel": "Search Workspaces",
        "placeholder": "Search...",
        "noMatch": "No workspaces matched your search terms",
        "options": {
          "caseInsensitive": "Case insensitive",
          "matchStart": "Match start of label"
        },
        "optionsLegend": "Search options"
      },
      "title": "Workspaces: {{title}}",
      "titleCount": {
        "default": "{{total}}",
        "searched": "{{matches}}/{{total}}"
      }
    },
    "loading": {
      "descriptionWithHidden": "If this is taking a long time, try and exclude {{settingsLinkRootFolder}} or {{settingsLinkHidden}}. Reducing the {{settingsLinkDepth}} may also help.",
      "description": "If this is taking a long time, try and exclude {{settingsLinkRootFolder}}. Reducing the {{settingsLinkDepth}} may also help.",
      "hasRootFolderIssues": "One or more {{settingsLinkRootFolders}} are overriding depth/excludeHiddenFolders settings.",
      "title": "Collecting workspaces..."
    }
  }
}
