﻿<?xml version="1.0" encoding="utf-8"?>
<doc>
  <assembly>
    <name>Microsoft.Owin.Security</name>
  </assembly>
  <members>
    <member name="T:Microsoft.Owin.Security.AppBuilderSecurityExtensions">
      <summary>提供 app.Property 值的擴充方法，其僅在驗證中介軟體實作時需要。</summary>
    </member>
    <member name="M:Microsoft.Owin.Security.AppBuilderSecurityExtensions.GetDefaultSignInAsAuthenticationType(Owin.IAppBuilder)">
      <summary>傳回外部登入中介軟體在瀏覽器瀏覽回其傳回 URL 時應該使用的之前集 AuthenticationType。</summary>
      <param name="app">傳送至應用程式啟動代碼的應用程式建立器</param>
    </member>
    <member name="M:Microsoft.Owin.Security.AppBuilderSecurityExtensions.SetDefaultSignInAsAuthenticationType(Owin.IAppBuilder,System.String)">
      <summary>由中介軟體所呼叫來變更 AuthenticationType 名稱，且外部中介軟體應該在瀏覽器瀏覽回其傳回 URL 加以使用。</summary>
      <param name="app">傳送至應用程式啟動代碼的應用程式建立器</param>
      <param name="authenticationType">外部中介軟體應該登入為的 AuthenticationType。</param>
    </member>
    <member name="T:Microsoft.Owin.Security.AuthenticationMode">
      <summary>控制驗證中介軟體的行為</summary>
    </member>
    <member name="F:Microsoft.Owin.Security.AuthenticationMode.Active">
      <summary>在「作用」模式中，驗證中介軟體會在要求抵達時替換使用者識別，而且也會在回應傳出後替換 401 文字。</summary>
    </member>
    <member name="F:Microsoft.Owin.Security.AuthenticationMode.Passive">
      <summary>在「被動」模式中，驗證中介軟體僅會在詢問時提供使用者識別，且僅會在驗證類型於其他挑戰資料中命名時才會替換 401 回應。</summary>
    </member>
    <member name="T:Microsoft.Owin.Security.AuthenticationOptions">
      <summary>所有驗證中介軟體的基本選項</summary>
    </member>
    <member name="M:Microsoft.Owin.Security.AuthenticationOptions.#ctor(System.String)">
      <summary>初始化 AuthenticationOptions 基底類別的屬性</summary>
      <param name="authenticationType">指派給 AuthenticationType 屬性</param>
    </member>
    <member name="P:Microsoft.Owin.Security.AuthenticationOptions.AuthenticationMode">
      <summary>若為 Active，驗證中介軟體會替換連入要求使用者，並替換連出的 401 未授權回應。若為 Passive，驗證中介軟體僅會在 AuthenticationType 明確指出時提供識別並替換回應。</summary>
    </member>
    <member name="P:Microsoft.Owin.Security.AuthenticationOptions.AuthenticationType">
      <summary>選項中的 AuthenticationType 對應至識別 AuthenticationType 屬性。可能會指派不同的值以便在管線中多次使用相同的驗證中介軟體類型。</summary>
    </member>
    <member name="P:Microsoft.Owin.Security.AuthenticationOptions.Description">
      <summary>驗證類型的其他相關資訊可在應用程式中找到。</summary>
    </member>
    <member name="T:Microsoft.Owin.Security.AuthenticationTicket">
      <summary>包含使用者識別資訊及其他驗證狀態。</summary>
    </member>
    <member name="M:Microsoft.Owin.Security.AuthenticationTicket.#ctor(System.Security.Claims.ClaimsIdentity,Microsoft.Owin.Security.AuthenticationProperties)">
      <summary>初始化 <see cref="T:Microsoft.Owin.Security.AuthenticationTicket" /> 類別的新執行個體</summary>
    </member>
    <member name="P:Microsoft.Owin.Security.AuthenticationTicket.Identity">
      <summary>取得已驗證的使用者識別。</summary>
    </member>
    <member name="P:Microsoft.Owin.Security.AuthenticationTicket.Properties">
      <summary>驗證工作階段的其他狀態值。</summary>
    </member>
    <member name="T:Microsoft.Owin.Security.CertificateSubjectKeyIdentifierValidator">
      <summary>根據憑證的主題索引鍵識別碼提供已 pin 的憑證。</summary>
    </member>
    <member name="M:Microsoft.Owin.Security.CertificateSubjectKeyIdentifierValidator.#ctor(System.Collections.Generic.IEnumerable{System.String})">
      <summary>初始化 <see cref="T:Microsoft.Owin.Security.CertificateSubjectKeyIdentifierValidator" /> 類別的新執行個體。</summary>
      <param name="validSubjectKeyIdentifiers">一組對於 HTTP 要求有效的主題索引鍵識別碼。</param>
    </member>
    <member name="M:Microsoft.Owin.Security.CertificateSubjectKeyIdentifierValidator.Validate(System.Object,System.Security.Cryptography.X509Certificates.X509Certificate,System.Security.Cryptography.X509Certificates.X509Chain,System.Net.Security.SslPolicyErrors)">
      <summary>驗證用於驗證的遠端安全通訊端層 (SSL) 憑證。</summary>
      <returns>布林值，判斷驗證是否接受指定的憑證。</returns>
      <param name="sender">包含此驗證之狀態資訊的物件。</param>
      <param name="certificate">用來驗證遠端使用者的憑證。</param>
      <param name="chain">與遠端憑證相關聯的憑證授權單位鏈結。</param>
      <param name="sslPolicyErrors">遠端憑證相關的一或多個錯誤。</param>
    </member>
    <member name="T:Microsoft.Owin.Security.CertificateSubjectPublicKeyInfoValidator">
      <summary>實作通過 http://datatracker.ietf.org/doc/draft-ietf-websec-key-pinning/?include_text=1 的憑證固定驗證程式</summary>
    </member>
    <member name="M:Microsoft.Owin.Security.CertificateSubjectPublicKeyInfoValidator.#ctor(System.Collections.Generic.IEnumerable{System.String},Microsoft.Owin.Security.SubjectPublicKeyInfoAlgorithm)">
      <summary>初始化 <see cref="T:Microsoft.Owin.Security.CertificateSubjectPublicKeyInfoValidator" /> 類別的新執行個體。</summary>
      <param name="validBase64EncodedSubjectPublicKeyInfoHashes">憑證公開金鑰資訊 Blob 的有效 base64 編碼雜湊集合。</param>
      <param name="algorithm">用來產生雜湊的演算法。</param>
    </member>
    <member name="M:Microsoft.Owin.Security.CertificateSubjectPublicKeyInfoValidator.Validate(System.Object,System.Security.Cryptography.X509Certificates.X509Certificate,System.Security.Cryptography.X509Certificates.X509Chain,System.Net.Security.SslPolicyErrors)">
      <summary>驗證至少一個 SPKI 雜湊已知。</summary>
      <returns>布林值，判斷驗證是否接受指定的憑證。</returns>
      <param name="sender">包含此驗證之狀態資訊的物件。</param>
      <param name="certificate">用來驗證遠端使用者的憑證。</param>
      <param name="chain">與遠端憑證相關聯的憑證授權單位鏈結。</param>
      <param name="sslPolicyErrors">遠端憑證相關的一或多個錯誤。</param>
    </member>
    <member name="T:Microsoft.Owin.Security.CertificateThumbprintValidator">
      <summary>根據憑證指紋提供固定的憑證驗證。</summary>
    </member>
    <member name="M:Microsoft.Owin.Security.CertificateThumbprintValidator.#ctor(System.Collections.Generic.IEnumerable{System.String})">
      <summary>初始化 <see cref="T:Microsoft.Owin.Security.CertificateThumbprintValidator" /> 類別的新執行個體。</summary>
      <param name="validThumbprints">對 HTTPS 要求有效的一組指紋。</param>
    </member>
    <member name="M:Microsoft.Owin.Security.CertificateThumbprintValidator.Validate(System.Object,System.Security.Cryptography.X509Certificates.X509Certificate,System.Security.Cryptography.X509Certificates.X509Chain,System.Net.Security.SslPolicyErrors)">
      <summary>驗證簽署鏈結中的憑證指紋至少符合一個白名單指紋。</summary>
      <returns>布林值，判斷驗證是否接受指定的憑證。</returns>
      <param name="sender">包含此驗證之狀態資訊的物件。</param>
      <param name="certificate">用來驗證遠端使用者的憑證。</param>
      <param name="chain">與遠端憑證相關聯的憑證授權單位鏈結。</param>
      <param name="sslPolicyErrors">遠端憑證相關的一或多個錯誤。</param>
    </member>
    <member name="T:Microsoft.Owin.Security.ICertificateValidator">
      <summary>此介面提供固定的憑證驗證，可根據已知的優良憑證清單檢查 HTTPS 通訊，以防止遭破解或不良的 CA 在未知主機擁有者的情況下就簽發憑證給主機。</summary>
    </member>
    <member name="M:Microsoft.Owin.Security.ICertificateValidator.Validate(System.Object,System.Security.Cryptography.X509Certificates.X509Certificate,System.Security.Cryptography.X509Certificates.X509Chain,System.Net.Security.SslPolicyErrors)">
      <summary>驗證用於驗證的遠端安全通訊端層 (SSL) 憑證。</summary>
      <returns>布林值，判斷驗證是否接受指定的憑證。</returns>
      <param name="sender">包含此驗證之狀態資訊的物件。</param>
      <param name="certificate">用來驗證遠端使用者的憑證。</param>
      <param name="chain">與遠端憑證相關聯的憑證授權單位鏈結。</param>
      <param name="sslPolicyErrors">遠端憑證相關的一或多個錯誤。</param>
    </member>
    <member name="T:Microsoft.Owin.Security.ISecureDataFormat`1">
      <summary>表示要保護的資料。</summary>
      <typeparam name="TData">一般類型資料。</typeparam>
    </member>
    <member name="M:Microsoft.Owin.Security.ISecureDataFormat`1.Protect(`0)">
      <summary>保護資料免於格式化。</summary>
      <returns>要保護的資料。</returns>
      <param name="data">資料。</param>
    </member>
    <member name="M:Microsoft.Owin.Security.ISecureDataFormat`1.Unprotect(System.String)">
      <summary>解密在指定文字中的資料。</summary>
      <returns>要解密的資料。</returns>
      <param name="protectedText">保護的文字。</param>
    </member>
    <member name="T:Microsoft.Owin.Security.SubjectPublicKeyInfoAlgorithm">
      <summary>用來產生主題公開索引鍵資訊 Blob 雜湊的演算法。</summary>
    </member>
    <member name="F:Microsoft.Owin.Security.SubjectPublicKeyInfoAlgorithm.Sha1">
      <summary />
    </member>
    <member name="F:Microsoft.Owin.Security.SubjectPublicKeyInfoAlgorithm.Sha256">
      <summary />
    </member>
    <member name="T:Microsoft.Owin.Security.DataHandler.PropertiesDataFormat"></member>
    <member name="M:Microsoft.Owin.Security.DataHandler.PropertiesDataFormat.#ctor(Microsoft.Owin.Security.DataProtection.IDataProtector)"></member>
    <member name="T:Microsoft.Owin.Security.DataHandler.SecureDataFormat`1">
      <typeparam name="TData"></typeparam>
    </member>
    <member name="M:Microsoft.Owin.Security.DataHandler.SecureDataFormat`1.#ctor(Microsoft.Owin.Security.DataHandler.Serializer.IDataSerializer{`0},Microsoft.Owin.Security.DataProtection.IDataProtector,Microsoft.Owin.Security.DataHandler.Encoder.ITextEncoder)"></member>
    <member name="M:Microsoft.Owin.Security.DataHandler.SecureDataFormat`1.Protect(`0)"></member>
    <member name="M:Microsoft.Owin.Security.DataHandler.SecureDataFormat`1.Unprotect(System.String)"></member>
    <member name="T:Microsoft.Owin.Security.DataHandler.TicketDataFormat"></member>
    <member name="M:Microsoft.Owin.Security.DataHandler.TicketDataFormat.#ctor(Microsoft.Owin.Security.DataProtection.IDataProtector)"></member>
    <member name="T:Microsoft.Owin.Security.DataHandler.Encoder.Base64TextEncoder">
      <summary>表示文字 base64 格式編碼器。</summary>
    </member>
    <member name="M:Microsoft.Owin.Security.DataHandler.Encoder.Base64TextEncoder.#ctor">
      <summary>初始化 <see cref="T:Microsoft.Owin.Security.DataHandler.Encoder.Base64TextEncoder" /> 類別的新執行個體。</summary>
    </member>
    <member name="M:Microsoft.Owin.Security.DataHandler.Encoder.Base64TextEncoder.Decode(System.String)">
      <summary>解碼指定的文字。</summary>
      <returns>代表這個已解碼資料的 <see cref="T:System.Byte" />。</returns>
      <param name="text">要解碼的文字。</param>
    </member>
    <member name="M:Microsoft.Owin.Security.DataHandler.Encoder.Base64TextEncoder.Encode(System.Byte[])">
      <summary>將資料轉換為 base64 格式的字串。</summary>
      <returns>已轉換為 base64 格式的資料字串。</returns>
      <param name="data">要轉換的資料。</param>
    </member>
    <member name="T:Microsoft.Owin.Security.DataHandler.Encoder.Base64UrlTextEncoder">
      <summary>表示文字 Base64Url 格式編碼器。</summary>
    </member>
    <member name="M:Microsoft.Owin.Security.DataHandler.Encoder.Base64UrlTextEncoder.#ctor">
      <summary>初始化 <see cref="T:Microsoft.Owin.Security.DataHandler.Encoder.Base64UrlTextEncoder" /> 類別的新執行個體。</summary>
    </member>
    <member name="M:Microsoft.Owin.Security.DataHandler.Encoder.Base64UrlTextEncoder.Decode(System.String)">
      <summary>解碼指定的文字。</summary>
      <returns>代表這個已解碼資料的 <see cref="T:System.Byte" />。</returns>
      <param name="text">要解碼的文字。</param>
    </member>
    <member name="M:Microsoft.Owin.Security.DataHandler.Encoder.Base64UrlTextEncoder.Encode(System.Byte[])">
      <summary>將資料轉換為 Base64Url 格式的字串。</summary>
      <returns>已轉換為 Base64Url 格式的資料字串。</returns>
      <param name="data">要轉換的資料。</param>
    </member>
    <member name="T:Microsoft.Owin.Security.DataHandler.Encoder.ITextEncoder">
      <summary>表示文字編碼器的介面。</summary>
    </member>
    <member name="M:Microsoft.Owin.Security.DataHandler.Encoder.ITextEncoder.Decode(System.String)">
      <summary>解碼指定的文字。</summary>
      <returns>代表這個已解碼資料的 <see cref="T:System.Byte" />。</returns>
      <param name="text">要解碼的文字。</param>
    </member>
    <member name="M:Microsoft.Owin.Security.DataHandler.Encoder.ITextEncoder.Encode(System.Byte[])">
      <summary>將資料轉換成字串。</summary>
      <returns>要轉換的資料字串。</returns>
      <param name="data">要轉換的資料。</param>
    </member>
    <member name="T:Microsoft.Owin.Security.DataHandler.Encoder.TextEncodings">
      <summary>表示文字編碼。</summary>
    </member>
    <member name="P:Microsoft.Owin.Security.DataHandler.Encoder.TextEncodings.Base64">
      <summary>取得 Base64 文字編碼器。</summary>
      <returns>Base64 文字編碼器。</returns>
    </member>
    <member name="P:Microsoft.Owin.Security.DataHandler.Encoder.TextEncodings.Base64Url">
      <summary>取得 Base64Url 文字編碼器。</summary>
      <returns>Base64Url 文字編碼器。</returns>
    </member>
    <member name="T:Microsoft.Owin.Security.DataHandler.Serializer.DataSerializers">
      <summary>提供資料序列化程式。</summary>
    </member>
    <member name="P:Microsoft.Owin.Security.DataHandler.Serializer.DataSerializers.Properties"></member>
    <member name="P:Microsoft.Owin.Security.DataHandler.Serializer.DataSerializers.Ticket">
      <summary>取得或設定票券資料序列化程式。</summary>
      <returns>票券資料序列化程式。</returns>
    </member>
    <member name="T:Microsoft.Owin.Security.DataHandler.Serializer.IDataSerializer`1">
      <summary>表示資料序列化程式的介面。</summary>
      <typeparam name="TModel">資料的模型類型。</typeparam>
    </member>
    <member name="M:Microsoft.Owin.Security.DataHandler.Serializer.IDataSerializer`1.Deserialize(System.Byte[])">
      <summary>還原序列化指定的資料。</summary>
      <param name="data">要還原序列化的資料。</param>
    </member>
    <member name="M:Microsoft.Owin.Security.DataHandler.Serializer.IDataSerializer`1.Serialize(`0)">
      <summary>以給定的模型序列化資料。</summary>
      <param name="model">資料模型。</param>
    </member>
    <member name="T:Microsoft.Owin.Security.DataHandler.Serializer.PropertiesSerializer"></member>
    <member name="M:Microsoft.Owin.Security.DataHandler.Serializer.PropertiesSerializer.#ctor"></member>
    <member name="M:Microsoft.Owin.Security.DataHandler.Serializer.PropertiesSerializer.Deserialize(System.Byte[])"></member>
    <member name="M:Microsoft.Owin.Security.DataHandler.Serializer.PropertiesSerializer.Read(System.IO.BinaryReader)"></member>
    <member name="M:Microsoft.Owin.Security.DataHandler.Serializer.PropertiesSerializer.Serialize(Microsoft.Owin.Security.AuthenticationProperties)"></member>
    <member name="M:Microsoft.Owin.Security.DataHandler.Serializer.PropertiesSerializer.Write(System.IO.BinaryWriter,Microsoft.Owin.Security.AuthenticationProperties)"></member>
    <member name="T:Microsoft.Owin.Security.DataHandler.Serializer.TicketSerializer">
      <summary>代表票券序列化程式。</summary>
    </member>
    <member name="M:Microsoft.Owin.Security.DataHandler.Serializer.TicketSerializer.#ctor">
      <summary>初始化 <see cref="T:Microsoft.Owin.Security.DataHandler.Serializer.TicketSerializer" /> 類別的新執行個體。</summary>
    </member>
    <member name="M:Microsoft.Owin.Security.DataHandler.Serializer.TicketSerializer.Deserialize(System.Byte[])">
      <summary>還原序列化票券資料。</summary>
      <returns>已還原序列化的資料。</returns>
      <param name="data">要還原序列化的資料。</param>
    </member>
    <member name="M:Microsoft.Owin.Security.DataHandler.Serializer.TicketSerializer.Read(System.IO.BinaryReader)">
      <summary>從讀取器讀取指定資料。</summary>
      <returns>已讀取的資料。</returns>
      <param name="reader">要從其中讀取的讀取器。</param>
    </member>
    <member name="M:Microsoft.Owin.Security.DataHandler.Serializer.TicketSerializer.Serialize(Microsoft.Owin.Security.AuthenticationTicket)">
      <summary>以給定的模型序列化資料。</summary>
      <param name="model">資料模型。</param>
    </member>
    <member name="M:Microsoft.Owin.Security.DataHandler.Serializer.TicketSerializer.Write(System.IO.BinaryWriter,Microsoft.Owin.Security.AuthenticationTicket)">
      <summary>從指定的寫入器寫入資料。</summary>
      <param name="writer">寫入器。</param>
      <param name="model">資料模型。</param>
    </member>
    <member name="T:Microsoft.Owin.Security.DataProtection.AppBuilderExtensions">
      <summary>應用程式產生器擴充功能</summary>
    </member>
    <member name="M:Microsoft.Owin.Security.DataProtection.AppBuilderExtensions.CreateDataProtector(Owin.IAppBuilder,System.String[])">
      <summary>建立資料保護程式。</summary>
      <returns>建立的 <see cref="T:Microsoft.Owin.Security.DataProtection.IDataProtector" />。</returns>
      <param name="app">應用程式產生器。</param>
      <param name="purposes">建立資料保護程式的目的清單。</param>
    </member>
    <member name="M:Microsoft.Owin.Security.DataProtection.AppBuilderExtensions.GetDataProtectionProvider(Owin.IAppBuilder)">
      <summary>擷取應用程式的資料保護提供者。</summary>
      <returns>要取得的 <see cref="T:Microsoft.Owin.Security.DataProtection.IDataProtectionProvider" /> 物件。</returns>
      <param name="app">應用程式產生器。</param>
    </member>
    <member name="M:Microsoft.Owin.Security.DataProtection.AppBuilderExtensions.SetDataProtectionProvider(Owin.IAppBuilder,Microsoft.Owin.Security.DataProtection.IDataProtectionProvider)">
      <summary>設定資料保護提供者。</summary>
      <param name="app">應用程式產生器。</param>
      <param name="dataProtectionProvider">要設定的資料保護提供者。</param>
    </member>
    <member name="T:Microsoft.Owin.Security.DataProtection.DpapiDataProtectionProvider">
      <summary>用來提供由資料保護 API 衍生的資料保護服務。若您的應用程式並未由 ASP.NET 裝載，且所有程序均以相同的網域識別執行時，這是資料保護的最佳選擇。</summary>
    </member>
    <member name="M:Microsoft.Owin.Security.DataProtection.DpapiDataProtectionProvider.#ctor">
      <summary>使用隨機應用程式名稱初始化新的 DpapiDataProtectionProvider。這僅適用於在目前應用程式執行期間保護資料。</summary>
    </member>
    <member name="M:Microsoft.Owin.Security.DataProtection.DpapiDataProtectionProvider.#ctor(System.String)">
      <summary>初始化新的 DpapiDataProtectionProvider 並使用給定的 appName 做為保護演算法的一部分。</summary>
      <param name="appName">使用者提供的值，往返保全資料時所需。自我裝載時，預設值來自於 IAppBuilder.Properties["owin.AppName"]。</param>
    </member>
    <member name="M:Microsoft.Owin.Security.DataProtection.DpapiDataProtectionProvider.Create(System.String[])">
      <summary>傳回提供者的 IDataProtection 新執行個體。</summary>
      <returns>資料保護服務的執行個體</returns>
      <param name="purposes">其他 Entropy 是用來確保受保護的資料僅可以因為更正原因而取消保護。</param>
    </member>
    <member name="T:Microsoft.Owin.Security.DataProtection.IDataProtectionProvider">
      <summary> 用來建立 IDataProtection 執行個體的 Factory。</summary>
    </member>
    <member name="M:Microsoft.Owin.Security.DataProtection.IDataProtectionProvider.Create(System.String[])">
      <summary> 傳回提供者的 IDataProtection 新執行個體。</summary>
      <returns>資料保護服務的執行個體。</returns>
      <param name="purposes">其他 Entropy 是用來確保受保護的資料僅可以因為更正原因而取消保護。</param>
    </member>
    <member name="T:Microsoft.Owin.Security.DataProtection.IDataProtector">
      <summary> 用來保護和取消保護資料的服務。</summary>
    </member>
    <member name="M:Microsoft.Owin.Security.DataProtection.IDataProtector.Protect(System.Byte[])">
      <summary> 呼叫以保護使用者資料。</summary>
      <param name="userData">必須保護的原始資料。</param>
    </member>
    <member name="M:Microsoft.Owin.Security.DataProtection.IDataProtector.Unprotect(System.Byte[])">
      <summary> 呼叫以取消保護使用者資料。</summary>
      <param name="protectedData">在 IDataProtection 服務上呼叫會傳回位元組陣列至 Protect。</param>
    </member>
    <member name="T:Microsoft.Owin.Security.Infrastructure.AuthenticationHandler">
      <summary> 預先要求工作的基本類別大部份是由驗證中介軟體所執行。</summary>
    </member>
    <member name="M:Microsoft.Owin.Security.Infrastructure.AuthenticationHandler.#ctor">
      <summary>初始化 <see cref="T:Microsoft.Owin.Security.Infrastructure.AuthenticationHandler" /> 類別的新執行個體。</summary>
    </member>
    <member name="M:Microsoft.Owin.Security.Infrastructure.AuthenticationHandler.ApplyResponseChallengeAsync">
      <summary>若有問題的驗證配置將驗證互動處理為其要求流程中的一部份，請覆寫此方法以處理 401 挑戰考量 (例如新增回應標頭，或變更 401 結果為登入頁面 302 或外部登入位置)。</summary>
    </member>
    <member name="M:Microsoft.Owin.Security.Infrastructure.AuthenticationHandler.ApplyResponseCoreAsync">
      <summary>可能由處理常式覆寫的方法。預設行為是呼叫兩個一般回應活動，一個處理登入/登出考量，第二個處理 401 挑戰。</summary>
    </member>
    <member name="M:Microsoft.Owin.Security.Infrastructure.AuthenticationHandler.ApplyResponseGrantAsync">
      <summary>若有問題的驗證配置將授與/叫用處理為其要求流程的一部份，請覆寫此方法以處理登入/登出考量 (例如設定/刪除 Cookies)。</summary>
    </member>
    <member name="M:Microsoft.Owin.Security.Infrastructure.AuthenticationHandler.AuthenticateAsync">
      <summary>導致要為目前要求執行最多一次共傳回結果的 AuthenticateCore 中的驗證邏輯。多次呼叫驗證一律會傳回原始值。系統一律會呼叫此方法，而不會直接呼叫 AuthenticateCore。</summary>
      <returns>驗證邏輯提供的票券資料</returns>
    </member>
    <member name="M:Microsoft.Owin.Security.Infrastructure.AuthenticationHandler.AuthenticateCoreAsync">
      <summary>必須由處理常式提供的核心驗證邏輯。每個要求最多會叫用一次。請勿直接呼叫，請呼叫包裝驗證方法。</summary>
      <returns>驗證邏輯提供的票券資料</returns>
    </member>
    <member name="M:Microsoft.Owin.Security.Infrastructure.AuthenticationHandler.BaseInitializeAsync(Microsoft.Owin.Security.AuthenticationOptions,Microsoft.Owin.IOwinContext)"></member>
    <member name="P:Microsoft.Owin.Security.Infrastructure.AuthenticationHandler.Context"></member>
    <member name="M:Microsoft.Owin.Security.Infrastructure.AuthenticationHandler.GenerateCorrelationId(Microsoft.Owin.Security.AuthenticationProperties)"></member>
    <member name="P:Microsoft.Owin.Security.Infrastructure.AuthenticationHandler.Helper"></member>
    <member name="M:Microsoft.Owin.Security.Infrastructure.AuthenticationHandler.InitializeCoreAsync"></member>
    <member name="M:Microsoft.Owin.Security.Infrastructure.AuthenticationHandler.InvokeAsync">
      <summary>由一般程式碼在初始化之後呼叫一次。若驗中介軟體直接回應必須覆寫此虛擬的特殊已知路徑，請將要求路徑和其已知路徑相比較，提供任何適當的回應資訊，若為 true 則停止進一步的處理。</summary>
      <returns>傳回 false 會導致一般程式碼呼叫行中的下一個中介軟體。傳回 true 會導致一般程式碼在未呼叫其他中介軟體管線的情況下，開始非同步完成作業。</returns>
    </member>
    <member name="P:Microsoft.Owin.Security.Infrastructure.AuthenticationHandler.Request"></member>
    <member name="P:Microsoft.Owin.Security.Infrastructure.AuthenticationHandler.RequestPathBase"></member>
    <member name="P:Microsoft.Owin.Security.Infrastructure.AuthenticationHandler.Response"></member>
    <member name="M:Microsoft.Owin.Security.Infrastructure.AuthenticationHandler.TeardownCoreAsync"></member>
    <member name="M:Microsoft.Owin.Security.Infrastructure.AuthenticationHandler.ValidateCorrelationId(Microsoft.Owin.Security.AuthenticationProperties,Microsoft.Owin.Logging.ILogger)"></member>
    <member name="T:Microsoft.Owin.Security.Infrastructure.AuthenticationHandler`1">
      <summary>預先要求工作的基本類別大部份是由驗證中介軟體所執行。</summary>
      <typeparam name="TOptions">指定 AuthenticationOptions 屬性的型別</typeparam>
    </member>
    <member name="M:Microsoft.Owin.Security.Infrastructure.AuthenticationHandler`1.#ctor">
      <summary>初始化 <see cref="T:Microsoft.Owin.Security.Infrastructure.AuthenticationHandler`1" /> 類別的新執行個體。</summary>
    </member>
    <member name="P:Microsoft.Owin.Security.Infrastructure.AuthenticationHandler`1.Options"></member>
    <member name="T:Microsoft.Owin.Security.Infrastructure.AuthenticationMiddleware`1">
      <summary>表示驗證中介軟體。</summary>
      <typeparam name="TOptions">驗證選項的類型。</typeparam>
    </member>
    <member name="M:Microsoft.Owin.Security.Infrastructure.AuthenticationMiddleware`1.#ctor(Microsoft.Owin.OwinMiddleware,`0)">
      <summary>初始化 <see cref="T:Microsoft.Owin.Security.Infrastructure.AuthenticationMiddleware`1" /> 類別的新執行個體。</summary>
      <param name="next">下一個 OWIN 中介軟體。</param>
      <param name="options">驗證選項。</param>
    </member>
    <member name="M:Microsoft.Owin.Security.Infrastructure.AuthenticationMiddleware`1.CreateHandler">
      <summary>建立驗證處理常式。</summary>
      <returns>建立的 <see cref="T:Microsoft.Owin.Security.Infrastructure.AuthenticationHandler`1" />。</returns>
    </member>
    <member name="M:Microsoft.Owin.Security.Infrastructure.AuthenticationMiddleware`1.Invoke(Microsoft.Owin.IOwinContext)"></member>
    <member name="P:Microsoft.Owin.Security.Infrastructure.AuthenticationMiddleware`1.Options">
      <summary>取得或設定驗證選項。</summary>
      <returns>完成驗證的工作。</returns>
    </member>
    <member name="T:Microsoft.Owin.Security.Infrastructure.AuthenticationTokenCreateContext"></member>
    <member name="M:Microsoft.Owin.Security.Infrastructure.AuthenticationTokenCreateContext.#ctor(Microsoft.Owin.IOwinContext,Microsoft.Owin.Security.ISecureDataFormat{Microsoft.Owin.Security.AuthenticationTicket},Microsoft.Owin.Security.AuthenticationTicket)"></member>
    <member name="M:Microsoft.Owin.Security.Infrastructure.AuthenticationTokenCreateContext.SerializeTicket"></member>
    <member name="M:Microsoft.Owin.Security.Infrastructure.AuthenticationTokenCreateContext.SetToken(System.String)"></member>
    <member name="P:Microsoft.Owin.Security.Infrastructure.AuthenticationTokenCreateContext.Ticket"></member>
    <member name="P:Microsoft.Owin.Security.Infrastructure.AuthenticationTokenCreateContext.Token"></member>
    <member name="T:Microsoft.Owin.Security.Infrastructure.AuthenticationTokenProvider"></member>
    <member name="M:Microsoft.Owin.Security.Infrastructure.AuthenticationTokenProvider.#ctor"></member>
    <member name="M:Microsoft.Owin.Security.Infrastructure.AuthenticationTokenProvider.Create(Microsoft.Owin.Security.Infrastructure.AuthenticationTokenCreateContext)"></member>
    <member name="M:Microsoft.Owin.Security.Infrastructure.AuthenticationTokenProvider.CreateAsync(Microsoft.Owin.Security.Infrastructure.AuthenticationTokenCreateContext)"></member>
    <member name="P:Microsoft.Owin.Security.Infrastructure.AuthenticationTokenProvider.OnCreate"></member>
    <member name="P:Microsoft.Owin.Security.Infrastructure.AuthenticationTokenProvider.OnCreateAsync"></member>
    <member name="P:Microsoft.Owin.Security.Infrastructure.AuthenticationTokenProvider.OnReceive"></member>
    <member name="P:Microsoft.Owin.Security.Infrastructure.AuthenticationTokenProvider.OnReceiveAsync"></member>
    <member name="M:Microsoft.Owin.Security.Infrastructure.AuthenticationTokenProvider.Receive(Microsoft.Owin.Security.Infrastructure.AuthenticationTokenReceiveContext)"></member>
    <member name="M:Microsoft.Owin.Security.Infrastructure.AuthenticationTokenProvider.ReceiveAsync(Microsoft.Owin.Security.Infrastructure.AuthenticationTokenReceiveContext)"></member>
    <member name="T:Microsoft.Owin.Security.Infrastructure.AuthenticationTokenReceiveContext"></member>
    <member name="M:Microsoft.Owin.Security.Infrastructure.AuthenticationTokenReceiveContext.#ctor(Microsoft.Owin.IOwinContext,Microsoft.Owin.Security.ISecureDataFormat{Microsoft.Owin.Security.AuthenticationTicket},System.String)"></member>
    <member name="M:Microsoft.Owin.Security.Infrastructure.AuthenticationTokenReceiveContext.DeserializeTicket(System.String)"></member>
    <member name="M:Microsoft.Owin.Security.Infrastructure.AuthenticationTokenReceiveContext.SetTicket(Microsoft.Owin.Security.AuthenticationTicket)"></member>
    <member name="P:Microsoft.Owin.Security.Infrastructure.AuthenticationTokenReceiveContext.Ticket"></member>
    <member name="P:Microsoft.Owin.Security.Infrastructure.AuthenticationTokenReceiveContext.Token"></member>
    <member name="T:Microsoft.Owin.Security.Infrastructure.IAuthenticationTokenProvider"></member>
    <member name="M:Microsoft.Owin.Security.Infrastructure.IAuthenticationTokenProvider.Create(Microsoft.Owin.Security.Infrastructure.AuthenticationTokenCreateContext)"></member>
    <member name="M:Microsoft.Owin.Security.Infrastructure.IAuthenticationTokenProvider.CreateAsync(Microsoft.Owin.Security.Infrastructure.AuthenticationTokenCreateContext)"></member>
    <member name="M:Microsoft.Owin.Security.Infrastructure.IAuthenticationTokenProvider.Receive(Microsoft.Owin.Security.Infrastructure.AuthenticationTokenReceiveContext)"></member>
    <member name="M:Microsoft.Owin.Security.Infrastructure.IAuthenticationTokenProvider.ReceiveAsync(Microsoft.Owin.Security.Infrastructure.AuthenticationTokenReceiveContext)"></member>
    <member name="T:Microsoft.Owin.Security.Infrastructure.SecurityHelper">
      <summary>當實作驗證中介軟體時使用的協助程式碼</summary>
    </member>
    <member name="M:Microsoft.Owin.Security.Infrastructure.SecurityHelper.#ctor(Microsoft.Owin.IOwinContext)">
      <summary>當實作驗證中介軟體時使用的協助程式碼</summary>
    </member>
    <member name="M:Microsoft.Owin.Security.Infrastructure.SecurityHelper.AddUserIdentity(System.Security.Principal.IIdentity)">
      <summary>新增其他 ClaimsIdentity 至 "server.User" 環境索引鍵中的 ClaimsPrincipal</summary>
    </member>
    <member name="M:Microsoft.Owin.Security.Infrastructure.SecurityHelper.Equals(Microsoft.Owin.Security.Infrastructure.SecurityHelper)"></member>
    <member name="M:Microsoft.Owin.Security.Infrastructure.SecurityHelper.Equals(System.Object)"></member>
    <member name="M:Microsoft.Owin.Security.Infrastructure.SecurityHelper.GetHashCode"></member>
    <member name="M:Microsoft.Owin.Security.Infrastructure.SecurityHelper.LookupChallenge(System.String,Microsoft.Owin.Security.AuthenticationMode)">
      <summary>尋找特定驗證中介軟體的回應挑戰詳細資料</summary>
      <returns>指示中介軟體其行為方式的資訊</returns>
      <param name="authenticationType">要尋找的驗證類型</param>
      <param name="authenticationMode">執行中介軟體的驗證模式</param>
    </member>
    <member name="M:Microsoft.Owin.Security.Infrastructure.SecurityHelper.LookupSignIn(System.String)">
      <summary>尋找特定驗證中介軟體的回應登入詳細資料</summary>
      <returns>指示中介軟體其行為方式的資訊</returns>
      <param name="authenticationType">要尋找的驗證類型</param>
    </member>
    <member name="M:Microsoft.Owin.Security.Infrastructure.SecurityHelper.LookupSignOut(System.String,Microsoft.Owin.Security.AuthenticationMode)">
      <summary>尋找特定驗證中介軟體的回應登出詳細資料</summary>
      <returns>指示中介軟體其行為方式的資訊</returns>
      <param name="authenticationType">要尋找的驗證類型</param>
      <param name="authenticationMode">執行中介軟體的驗證模式</param>
    </member>
    <member name="M:Microsoft.Owin.Security.Infrastructure.SecurityHelper.op_Equality(Microsoft.Owin.Security.Infrastructure.SecurityHelper,Microsoft.Owin.Security.Infrastructure.SecurityHelper)"></member>
    <member name="M:Microsoft.Owin.Security.Infrastructure.SecurityHelper.op_Inequality(Microsoft.Owin.Security.Infrastructure.SecurityHelper,Microsoft.Owin.Security.Infrastructure.SecurityHelper)"></member>
    <member name="T:Microsoft.Owin.Security.Notifications.AuthenticationFailedNotification`2">
      <typeparam name="TMessage"></typeparam>
      <typeparam name="TOptions"></typeparam>
    </member>
    <member name="M:Microsoft.Owin.Security.Notifications.AuthenticationFailedNotification`2.#ctor(Microsoft.Owin.IOwinContext,`1)"></member>
    <member name="P:Microsoft.Owin.Security.Notifications.AuthenticationFailedNotification`2.Exception"></member>
    <member name="P:Microsoft.Owin.Security.Notifications.AuthenticationFailedNotification`2.ProtocolMessage"></member>
    <member name="T:Microsoft.Owin.Security.Notifications.BaseNotification`1">
      <typeparam name="TOptions"></typeparam>
    </member>
    <member name="M:Microsoft.Owin.Security.Notifications.BaseNotification`1.#ctor(Microsoft.Owin.IOwinContext,`0)"></member>
    <member name="P:Microsoft.Owin.Security.Notifications.BaseNotification`1.HandledResponse"></member>
    <member name="M:Microsoft.Owin.Security.Notifications.BaseNotification`1.HandleResponse">
      <summary>中斷此要求的所有處理並返回用戶端。呼叫端負責產生完整回應。</summary>
    </member>
    <member name="P:Microsoft.Owin.Security.Notifications.BaseNotification`1.Skipped"></member>
    <member name="M:Microsoft.Owin.Security.Notifications.BaseNotification`1.SkipToNextMiddleware">
      <summary>中斷處理目前中介軟體中的要求，並將控制權移至下一個。</summary>
    </member>
    <member name="P:Microsoft.Owin.Security.Notifications.BaseNotification`1.State"></member>
    <member name="T:Microsoft.Owin.Security.Notifications.MessageReceivedNotification`2">
      <typeparam name="TMessage"></typeparam>
      <typeparam name="TOptions"></typeparam>
    </member>
    <member name="M:Microsoft.Owin.Security.Notifications.MessageReceivedNotification`2.#ctor(Microsoft.Owin.IOwinContext,`1)"></member>
    <member name="P:Microsoft.Owin.Security.Notifications.MessageReceivedNotification`2.ProtocolMessage"></member>
    <member name="T:Microsoft.Owin.Security.Notifications.NotificationResultState"></member>
    <member name="F:Microsoft.Owin.Security.Notifications.NotificationResultState.Continue">
      <summary>繼續正常處理。</summary>
    </member>
    <member name="F:Microsoft.Owin.Security.Notifications.NotificationResultState.HandledResponse">
      <summary>中斷此要求的所有處理。</summary>
    </member>
    <member name="F:Microsoft.Owin.Security.Notifications.NotificationResultState.Skipped">
      <summary>中斷處理目前中介軟體中的要求，並將控制權移至下一個。</summary>
    </member>
    <member name="T:Microsoft.Owin.Security.Notifications.RedirectToIdentityProviderNotification`2">
      <typeparam name="TMessage"></typeparam>
      <typeparam name="TOptions"></typeparam>
    </member>
    <member name="M:Microsoft.Owin.Security.Notifications.RedirectToIdentityProviderNotification`2.#ctor(Microsoft.Owin.IOwinContext,`1)"></member>
    <member name="P:Microsoft.Owin.Security.Notifications.RedirectToIdentityProviderNotification`2.HandledResponse"></member>
    <member name="M:Microsoft.Owin.Security.Notifications.RedirectToIdentityProviderNotification`2.HandleResponse">
      <summary>中斷此要求的所有處理並返回用戶端。呼叫端負責產生完整回應。</summary>
    </member>
    <member name="P:Microsoft.Owin.Security.Notifications.RedirectToIdentityProviderNotification`2.ProtocolMessage"></member>
    <member name="P:Microsoft.Owin.Security.Notifications.RedirectToIdentityProviderNotification`2.State"></member>
    <member name="T:Microsoft.Owin.Security.Notifications.SecurityTokenReceivedNotification`2">
      <typeparam name="TMessage"></typeparam>
      <typeparam name="TOptions"></typeparam>
    </member>
    <member name="M:Microsoft.Owin.Security.Notifications.SecurityTokenReceivedNotification`2.#ctor(Microsoft.Owin.IOwinContext,`1)"></member>
    <member name="P:Microsoft.Owin.Security.Notifications.SecurityTokenReceivedNotification`2.ProtocolMessage"></member>
    <member name="T:Microsoft.Owin.Security.Notifications.SecurityTokenValidatedNotification`2">
      <typeparam name="TMessage"></typeparam>
      <typeparam name="TOptions"></typeparam>
    </member>
    <member name="M:Microsoft.Owin.Security.Notifications.SecurityTokenValidatedNotification`2.#ctor(Microsoft.Owin.IOwinContext,`1)"></member>
    <member name="P:Microsoft.Owin.Security.Notifications.SecurityTokenValidatedNotification`2.AuthenticationTicket">
      <summary>取得或設定 <see cref="P:Microsoft.Owin.Security.Notifications.SecurityTokenValidatedNotification`2.AuthenticationTicket" /></summary>
    </member>
    <member name="P:Microsoft.Owin.Security.Notifications.SecurityTokenValidatedNotification`2.ProtocolMessage">
      <summary>取得或設定通訊協定訊息</summary>
    </member>
    <member name="T:Microsoft.Owin.Security.Provider.BaseContext">
      <summary>表示基本內容。</summary>
    </member>
    <member name="M:Microsoft.Owin.Security.Provider.BaseContext.#ctor(Microsoft.Owin.IOwinContext)"></member>
    <member name="P:Microsoft.Owin.Security.Provider.BaseContext.OwinContext"></member>
    <member name="P:Microsoft.Owin.Security.Provider.BaseContext.Request"></member>
    <member name="P:Microsoft.Owin.Security.Provider.BaseContext.Response"></member>
    <member name="T:Microsoft.Owin.Security.Provider.BaseContext`1">
      <summary>用於某些事件內容的基本類別</summary>
      <typeparam name="TOptions"></typeparam>
    </member>
    <member name="M:Microsoft.Owin.Security.Provider.BaseContext`1.#ctor(Microsoft.Owin.IOwinContext,`0)"></member>
    <member name="P:Microsoft.Owin.Security.Provider.BaseContext`1.Options"></member>
    <member name="P:Microsoft.Owin.Security.Provider.BaseContext`1.OwinContext"></member>
    <member name="P:Microsoft.Owin.Security.Provider.BaseContext`1.Request"></member>
    <member name="P:Microsoft.Owin.Security.Provider.BaseContext`1.Response"></member>
    <member name="T:Microsoft.Owin.Security.Provider.EndpointContext">
      <summary>表示端點內容。</summary>
    </member>
    <member name="M:Microsoft.Owin.Security.Provider.EndpointContext.#ctor(Microsoft.Owin.IOwinContext)"></member>
    <member name="P:Microsoft.Owin.Security.Provider.EndpointContext.IsRequestCompleted">
      <summary>取得或設定值，這個值表示是否已完成此內容的要求。</summary>
      <returns>如果已完成此內容的要求，則為 true，否則為 false。</returns>
    </member>
    <member name="M:Microsoft.Owin.Security.Provider.EndpointContext.RequestCompleted">
      <summary>指出內容的已完成要求。</summary>
    </member>
    <member name="T:Microsoft.Owin.Security.Provider.EndpointContext`1">
      <summary>用於某些事件內容的基本類別</summary>
      <typeparam name="TOptions"></typeparam>
    </member>
    <member name="M:Microsoft.Owin.Security.Provider.EndpointContext`1.#ctor(Microsoft.Owin.IOwinContext,`0)">
      <summary>建立此內容的執行個體</summary>
    </member>
    <member name="P:Microsoft.Owin.Security.Provider.EndpointContext`1.IsRequestCompleted">
      <summary>若要求不應該由其他元件進一步處理，則為 True。</summary>
    </member>
    <member name="M:Microsoft.Owin.Security.Provider.EndpointContext`1.RequestCompleted">
      <summary>防止其他元件進一步處理的要求。IsRequestCompleted 在呼叫之後為 True。</summary>
    </member>
    <member name="T:Microsoft.Owin.Security.Provider.ReturnEndpointContext">
      <summary>表示傳回端點內容。</summary>
    </member>
    <member name="M:Microsoft.Owin.Security.Provider.ReturnEndpointContext.#ctor(Microsoft.Owin.IOwinContext,Microsoft.Owin.Security.AuthenticationTicket)"></member>
    <member name="P:Microsoft.Owin.Security.Provider.ReturnEndpointContext.Identity">
      <summary>取得或設定這個內容的識別。</summary>
      <returns>此內容的識別。</returns>
    </member>
    <member name="P:Microsoft.Owin.Security.Provider.ReturnEndpointContext.Properties"></member>
    <member name="P:Microsoft.Owin.Security.Provider.ReturnEndpointContext.RedirectUri">
      <summary>取得或設定傳回此內容時應該使用的 URI。</summary>
      <returns>傳回此內容時應該使用的 URI。</returns>
    </member>
    <member name="P:Microsoft.Owin.Security.Provider.ReturnEndpointContext.SignInAsAuthenticationType">
      <summary>取得或設定登入為驗證類型的內容。</summary>
      <returns>登入為驗證類型的內容。</returns>
    </member>
  </members>
</doc>