﻿<?xml version="1.0" encoding="utf-8"?>
<doc>
  <assembly>
    <name>Microsoft.Owin.Security.Facebook</name>
  </assembly>
  <members>
    <member name="T:Microsoft.Owin.Security.Facebook.FacebookApplyRedirectContext">
      <summary>在 Facebook 中介軟體中當 Challenge 導致重新導向至授權端點時傳送的內容</summary>
    </member>
    <member name="M:Microsoft.Owin.Security.Facebook.FacebookApplyRedirectContext.#ctor(Microsoft.Owin.IOwinContext,Microsoft.Owin.Security.Facebook.FacebookAuthenticationOptions,Microsoft.Owin.Security.AuthenticationProperties,System.String)">
      <summary>建立新的內容物件。</summary>
      <param name="context">OWIN 要求內容</param>
      <param name="options">Facebook 中介軟體選項</param>
      <param name="properties">挑戰的驗證屬性</param>
      <param name="redirectUri">初始重新導向 URI</param>
    </member>
    <member name="P:Microsoft.Owin.Security.Facebook.FacebookApplyRedirectContext.Properties">
      <summary>取得挑戰的驗證屬性</summary>
    </member>
    <member name="P:Microsoft.Owin.Security.Facebook.FacebookApplyRedirectContext.RedirectUri">
      <summary>取得用於重新導向作業的 URI。</summary>
    </member>
    <member name="T:Microsoft.Owin.Security.Facebook.FacebookAuthenticatedContext">
      <summary>包含登入工作階段以及使用者 <see cref="T:System.Security.Claims.ClaimsIdentity" /> 的相關資訊。</summary>
    </member>
    <member name="M:Microsoft.Owin.Security.Facebook.FacebookAuthenticatedContext.#ctor(Microsoft.Owin.IOwinContext,Newtonsoft.Json.Linq.JObject,System.String,System.String)">
      <summary>初始化 <see cref="T:Microsoft.Owin.Security.Facebook.FacebookAuthenticatedContext" /></summary>
      <param name="context">OWIN 環境</param>
      <param name="user">JSON 序列化使用者</param>
      <param name="accessToken">Facebook 存取權杖</param>
      <param name="expires">過期前秒數</param>
    </member>
    <member name="P:Microsoft.Owin.Security.Facebook.FacebookAuthenticatedContext.AccessToken">
      <summary>取得 Facebook 存取權杖</summary>
    </member>
    <member name="P:Microsoft.Owin.Security.Facebook.FacebookAuthenticatedContext.Email">
      <summary>取得 Facebook 電子郵件</summary>
    </member>
    <member name="P:Microsoft.Owin.Security.Facebook.FacebookAuthenticatedContext.ExpiresIn">
      <summary>取得 Facebook 存取權杖過期時間</summary>
    </member>
    <member name="P:Microsoft.Owin.Security.Facebook.FacebookAuthenticatedContext.Id">
      <summary>取得 Facebook 使用者識別碼</summary>
    </member>
    <member name="P:Microsoft.Owin.Security.Facebook.FacebookAuthenticatedContext.Identity">
      <summary>取得代表使用者的 <see cref="T:System.Security.Claims.ClaimsIdentity" /></summary>
    </member>
    <member name="P:Microsoft.Owin.Security.Facebook.FacebookAuthenticatedContext.Link">
      <summary>取得或設定 <see cref="T:Microsoft.Owin.Security.Facebook.FacebookAuthenticatedContext" /> 的連結。</summary>
      <returns>
        <see cref="T:Microsoft.Owin.Security.Facebook.FacebookAuthenticatedContext" /> 的連結。</returns>
    </member>
    <member name="P:Microsoft.Owin.Security.Facebook.FacebookAuthenticatedContext.Name">
      <summary>取得使用者的名稱</summary>
    </member>
    <member name="P:Microsoft.Owin.Security.Facebook.FacebookAuthenticatedContext.Properties">
      <summary>取得或設定通用驗證屬性的屬性包</summary>
    </member>
    <member name="P:Microsoft.Owin.Security.Facebook.FacebookAuthenticatedContext.User">
      <summary>取得 JSON 序列化使用者</summary>
    </member>
    <member name="P:Microsoft.Owin.Security.Facebook.FacebookAuthenticatedContext.UserName">
      <summary>取得 Facebook 使用者名稱</summary>
    </member>
    <member name="T:Microsoft.Owin.Security.Facebook.FacebookAuthenticationMiddleware">
      <summary>使用 Facebook 以驗證使用者的 OWIN 中介軟體</summary>
    </member>
    <member name="M:Microsoft.Owin.Security.Facebook.FacebookAuthenticationMiddleware.#ctor(Microsoft.Owin.OwinMiddleware,Owin.IAppBuilder,Microsoft.Owin.Security.Facebook.FacebookAuthenticationOptions)">
      <summary>初始化 <see cref="T:Microsoft.Owin.Security.Facebook.FacebookAuthenticationMiddleware" /></summary>
      <param name="next">OWIN 管線中要叫用的下一個中介軟體</param>
      <param name="app">OWIN 應用程式</param>
      <param name="options">中介軟體的組態選項</param>
    </member>
    <member name="M:Microsoft.Owin.Security.Facebook.FacebookAuthenticationMiddleware.CreateHandler">
      <summary>提供 <see cref="T:Microsoft.Owin.Security.Infrastructure.AuthenticationHandler" /> 物件，以便處理驗證相關要求。</summary>
      <returns>以提供給建構函式的 <see cref="T:Microsoft.Owin.Security.Facebook.FacebookAuthenticationOptions" /> 設定的 <see cref="T:Microsoft.Owin.Security.Infrastructure.AuthenticationHandler" />。</returns>
    </member>
    <member name="T:Microsoft.Owin.Security.Facebook.FacebookAuthenticationOptions">
      <summary>
        <see cref="T:Microsoft.Owin.Security.Facebook.FacebookAuthenticationMiddleware" /> 的組態選項</summary>
    </member>
    <member name="M:Microsoft.Owin.Security.Facebook.FacebookAuthenticationOptions.#ctor">
      <summary>初始化新的 <see cref="T:Microsoft.Owin.Security.Facebook.FacebookAuthenticationOptions" /></summary>
    </member>
    <member name="P:Microsoft.Owin.Security.Facebook.FacebookAuthenticationOptions.AppId">
      <summary>取得或設定 Facebook 指派的應用程式識別碼</summary>
    </member>
    <member name="P:Microsoft.Owin.Security.Facebook.FacebookAuthenticationOptions.AppSecret">
      <summary>取得或設定 Facebook 指派的應手程式秘鑰</summary>
    </member>
    <member name="P:Microsoft.Owin.Security.Facebook.FacebookAuthenticationOptions.BackchannelCertificateValidator">
      <summary>取得或設定固定的憑證驗證程式，用以驗證屬於 Facebook 之後頻道通訊中所用的端點。</summary>
      <returns>固定的憑證驗證程式。</returns>
    </member>
    <member name="P:Microsoft.Owin.Security.Facebook.FacebookAuthenticationOptions.BackchannelHttpHandler">
      <summary>用來與 Facebook 通訊的 HttpMessageHandler。此屬性不能與 BackchannelCertificateValidator 同時設定，除非此值可以向下轉型為 WebRequestHandler。</summary>
    </member>
    <member name="P:Microsoft.Owin.Security.Facebook.FacebookAuthenticationOptions.BackchannelTimeout">
      <summary>取得或設定與 Facebook 進行後頻道通訊的逾時值 (以毫秒為單位)。</summary>
      <returns>後頻道逾時 (以毫秒計)。</returns>
    </member>
    <member name="P:Microsoft.Owin.Security.Facebook.FacebookAuthenticationOptions.CallbackPath">
      <summary>應用程式的基本路徑中將傳回 user-agent 的要求路徑。中介軟體將會在此要求送達時予以處理。預設值為 "/signin-facebook"。</summary>
    </member>
    <member name="P:Microsoft.Owin.Security.Facebook.FacebookAuthenticationOptions.Caption">
      <summary>取得或設定使用者可以顯示在登入使用者介面上的文字。</summary>
    </member>
    <member name="P:Microsoft.Owin.Security.Facebook.FacebookAuthenticationOptions.Provider">
      <summary>取得或設定用來處理驗證事件的 <see cref="T:Microsoft.Owin.Security.Facebook.IFacebookAuthenticationProvider" />。</summary>
    </member>
    <member name="P:Microsoft.Owin.Security.Facebook.FacebookAuthenticationOptions.Scope">
      <summary>要求的權限清單。</summary>
    </member>
    <member name="P:Microsoft.Owin.Security.Facebook.FacebookAuthenticationOptions.SendAppSecretProof">
      <summary>取得或設定 appsecret_proof 是否應該產生並隨著 Facebook API 呼叫一起傳送。預設為啟用。</summary>
    </member>
    <member name="P:Microsoft.Owin.Security.Facebook.FacebookAuthenticationOptions.SignInAsAuthenticationType">
      <summary>取得或設定將負責實際簽發使用者 <see cref="T:System.Security.Claims.ClaimsIdentity" /> 的其他驗證中介軟體名稱。</summary>
    </member>
    <member name="P:Microsoft.Owin.Security.Facebook.FacebookAuthenticationOptions.StateDataFormat">
      <summary>取得或設定類型，用以保護中介軟體所處理資料的安全。</summary>
    </member>
    <member name="T:Microsoft.Owin.Security.Facebook.FacebookAuthenticationProvider">
      <summary>預設 <see cref="T:Microsoft.Owin.Security.Facebook.IFacebookAuthenticationProvider" /> 實作。</summary>
    </member>
    <member name="M:Microsoft.Owin.Security.Facebook.FacebookAuthenticationProvider.#ctor">
      <summary>初始化 <see cref="T:Microsoft.Owin.Security.Facebook.FacebookAuthenticationProvider" /></summary>
    </member>
    <member name="M:Microsoft.Owin.Security.Facebook.FacebookAuthenticationProvider.ApplyRedirect(Microsoft.Owin.Security.Facebook.FacebookApplyRedirectContext)">
      <summary>在 Facebook 中介軟體中當 Challenge 導致重新導向至授權端點時呼叫</summary>
      <param name="context">包含挑戰的重新導向 URI 和 <see cref="T:Microsoft.Owin.Security.AuthenticationProperties" /></param>
    </member>
    <member name="M:Microsoft.Owin.Security.Facebook.FacebookAuthenticationProvider.Authenticated(Microsoft.Owin.Security.Facebook.FacebookAuthenticatedContext)">
      <summary>每當 Facebook 成功驗證使用者時叫用</summary>
      <returns>
        <see cref="T:System.Threading.Tasks.Task" />，表示完成的作業。</returns>
      <param name="context">包含登入工作階段以及使用者 <see cref="T:System.Security.Claims.ClaimsIdentity" /> 的相關資訊。</param>
    </member>
    <member name="P:Microsoft.Owin.Security.Facebook.FacebookAuthenticationProvider.OnApplyRedirect">
      <summary>取得或設定在叫用 ApplyRedirect 方法時叫用的委派。</summary>
    </member>
    <member name="P:Microsoft.Owin.Security.Facebook.FacebookAuthenticationProvider.OnAuthenticated">
      <summary>取得或設定在叫用 Authenticated 方法時叫用的函數。</summary>
    </member>
    <member name="P:Microsoft.Owin.Security.Facebook.FacebookAuthenticationProvider.OnReturnEndpoint">
      <summary>取得或設定在叫用 ReturnEndpoint 方法時叫用的函數。</summary>
    </member>
    <member name="M:Microsoft.Owin.Security.Facebook.FacebookAuthenticationProvider.ReturnEndpoint(Microsoft.Owin.Security.Facebook.FacebookReturnEndpointContext)">
      <summary>在 <see cref="T:System.Security.Claims.ClaimsIdentity" /> 儲存在本機 cookie 且將瀏覽器重新導向至原先要求之 URL 前叫用。</summary>
      <returns>
        <see cref="T:System.Threading.Tasks.Task" />，表示完成的作業。</returns>
    </member>
    <member name="T:Microsoft.Owin.Security.Facebook.FacebookReturnEndpointContext">
      <summary>提供中介軟體提供者的內容資訊。</summary>
    </member>
    <member name="M:Microsoft.Owin.Security.Facebook.FacebookReturnEndpointContext.#ctor(Microsoft.Owin.IOwinContext,Microsoft.Owin.Security.AuthenticationTicket)">
      <param name="context">OWIN 環境</param>
      <param name="ticket">驗證票券</param>
    </member>
    <member name="T:Microsoft.Owin.Security.Facebook.IFacebookAuthenticationProvider">
      <summary>指定 <see cref="T:Microsoft.Owin.Security.Facebook.FacebookAuthenticationMiddleware" /> 叫用的回呼方法，以便開發人員控制驗證程序。/&amp;amp;gt;</summary>
    </member>
    <member name="M:Microsoft.Owin.Security.Facebook.IFacebookAuthenticationProvider.ApplyRedirect(Microsoft.Owin.Security.Facebook.FacebookApplyRedirectContext)">
      <summary>在 Facebook 中介軟體中當 Challenge 導致重新導向至授權端點時呼叫</summary>
      <param name="context">包含挑戰的重新導向 URI 和 <see cref="T:Microsoft.Owin.Security.AuthenticationProperties" /></param>
    </member>
    <member name="M:Microsoft.Owin.Security.Facebook.IFacebookAuthenticationProvider.Authenticated(Microsoft.Owin.Security.Facebook.FacebookAuthenticatedContext)">
      <summary>每當 Facebook 成功驗證使用者時叫用</summary>
      <returns>
        <see cref="T:System.Threading.Tasks.Task" />，表示完成的作業。</returns>
      <param name="context">包含登入工作階段以及使用者 <see cref="T:System.Security.Claims.ClaimsIdentity" /> 的相關資訊。</param>
    </member>
    <member name="M:Microsoft.Owin.Security.Facebook.IFacebookAuthenticationProvider.ReturnEndpoint(Microsoft.Owin.Security.Facebook.FacebookReturnEndpointContext)">
      <summary>在 <see cref="T:System.Security.Claims.ClaimsIdentity" /> 儲存在本機 cookie 且將瀏覽器重新導向至原先要求之 URL 前叫用。</summary>
      <returns>
        <see cref="T:System.Threading.Tasks.Task" />，表示完成的作業。</returns>
    </member>
    <member name="T:Owin.FacebookAuthenticationExtensions">
      <summary>提供 Facebook 驗證的擴充方法。</summary>
    </member>
    <member name="M:Owin.FacebookAuthenticationExtensions.UseFacebookAuthentication(Owin.IAppBuilder,Microsoft.Owin.Security.Facebook.FacebookAuthenticationOptions)">
      <summary>產生 OWIN 應用程式的 Facebook 驗證。</summary>
      <returns>產生驗證的 <see cref="T:Owin.IAppBuilder" />。</returns>
      <param name="app">應用程式產生器。</param>
      <param name="options">Facebook 驗證選項。</param>
    </member>
    <member name="M:Owin.FacebookAuthenticationExtensions.UseFacebookAuthentication(Owin.IAppBuilder,System.String,System.String)">
      <summary>產生 OWIN 應用程式的 Facebook 驗證。</summary>
      <returns>產生驗證的 <see cref="T:Owin.IAppBuilder" />。</returns>
      <param name="app">應用程式產生器。</param>
      <param name="appId">應用程式 ID。</param>
      <param name="appSecret">應用程式密碼。</param>
    </member>
  </members>
</doc>